{
  "stations": {
    "11": [
      "1. Савёловская",
      "2. Петровский парк",
      "3. ЦСКА",
      "4. Хорошёвская"
    ],
    "11A": [
      "1. Каховская"
    ],
    "12": [
      "1. Битцевский парк",
      "2. Лесопарковая",
      "3. Улица Старокачаловская",
      "4. Улица Скобелевская",
      "5. Бульвар адмирала Ушакова"
    ],
    "14": [
      "1. Окружная",
      "2. Владыкино",
      "3. Ботанический Сад",
      "4. Ростокино",
      "5. Белокаменная",
      "6. Бульвар Рокоссовского",
      "7. Локомотив",
      "8. Измайлово",
      "9. Соколиная Гора",
      "10. Шоссе Энтузиастов",
      "11. Андроновка",
      "12. Нижегородская",
      "13. Новохохловская",
      "14. Угрешская",
      "15. Дубровка",
      "16. Автозаводская",
      "17. ЗИЛ",
      "18. Верхние Котлы",
      "19. Крымская",
      "20. Площадь Гагарина",
      "21. Лужники",
      "22. Кутузовская",
      "23. Деловой центр",
      "24. Шелепиха",
      "25. Хорошёво",
      "26. Зорге",
      "27. Панфиловская",
      "28. Стрешнево",
      "29. Балтийская"
    ],
    "15": [
      "1. Лефортово",
      "2. Авиамоторная",
      "3. Нижегородская",
      "4. Стахановская",
      "5. Окская",
      "6. Юго-Восточная",
      "7. Косино",
      "8. Улица Дмитриевского"
    ],
    "D1": [
      "1. Одинцово",
      "2. Баковка",
      "3. Сколково",
      "4. Немчиновка",
      "5. Сетунь",
      "6. Рабочий Посёлок",
      "7. Кунцево",
      "8. Славянский бульвар",
      "9. Фили",
      "10. Тестовская",
      "11. Беговая",
      "12. Белорусская",
      "13. Савёловская",
      "14. Тимирязевская",
      "15. Окружная",
      "16. Дегунино",
      "17. Бескудниково",
      "18. Лианозово",
      "19. Марк",
      "20. Новодачная",
      "21. Долгопрудная",
      "22. Водники",
      "23. Хлебниково"
    ],
    "D2": [
      "1. Нахабино",
      "2. Аникеевка",
      "3. Опалиха",
      "4. Красногорская",
      "5. Павшино",
      "6. Пенягино",
      "7. Волоколамская",
      "8. Трикотажная",
      "9. Тушино",
      "10. Стрешнево",
      "11. Красный Балтиец",
      "12. Гражданская",
      "13. Дмитровская",
      "14. Рижская",
      "15. Каланчёвская",
      "16. Курская",
      "17. Москва Товарная",
      "18. Калитники",
      "19. Новохохловская",
      "20. Текстильщики",
      "21. Кубанская",
      "22. Депо",
      "23. Перерва",
      "24. Москворечье",
      "25. Царицыно",
      "26. Покровская",
      "27. Красный Строитель",
      "28. Битца",
      "29. Бутово",
      "30. Щербинка",
      "31. Остафьево"
    ],
    "1": [
      "1. Бульвар Рокоссовского",
      "2. Черкизовская",
      "3. Преображенская площадь",
      "4. Сокольники",
      "5. Красносельская",
      "6. Комсомольская",
      "7. Красные ворота",
      "8. Чистые пруды",
      "9. Лубянка",
      "10. Охотный ряд",
      "11. Библиотека имени Ленина",
      "12. Кропоткинская",
      "13. Парк Культуры",
      "14. Фрунзенская",
      "15. Спортивная",
      "16. Воробьевы горы",
      "17. Университет",
      "18. Проспект Вернадского",
      "19. Юго-Западная",
      "20. Тропарёво",
      "21. Румянцево",
      "22. Саларьево",
      "23. Филатов Луг",
      "24. Прокшино"
    ],
    "2": [
      "1. Ховрино",
      "2. Беломорская",
      "3. Речной вокзал",
      "4. Водный стадион",
      "5. Войковская",
      "6. Сокол",
      "7. Аэропорт",
      "8. Динамо",
      "9. Белорусская",
      "10. Маяковская",
      "11. Тверская",
      "12. Театральная",
      "13. Новокузнецкая",
      "14. Павелецкая",
      "15. Автозаводская",
      "16. Технопарк",
      "17. Коломенская",
      "18. Каширская",
      "19. Кантемировская",
      "20. Царицыно",
      "21. Орехово",
      "22. Домодедовская"
    ],
    "3": [
      "1. Пятницкое шоссе",
      "2. Митино",
      "3. Волоколамская",
      "4. Мякинино",
      "5. Строгино",
      "6. Крылатское",
      "7. Молодежная",
      "8. Кунцевская",
      "9. Славянский бульвар",
      "10. Парк Победы",
      "11. Киевская",
      "12. Смоленская",
      "13. Арбатская",
      "14. Площадь Революции",
      "15. Курская",
      "16. Бауманская",
      "17. Электрозаводская",
      "18. Семеновская",
      "19. Партизанская",
      "20. Измайловская"
    ],
    "4": [
      "1. Александровский сад",
      "2. Арбатская",
      "3. Смоленская",
      "4. Киевская",
      "5. Студенческая",
      "6. Кутузовская",
      "7. Фили",
      "8. Багратионовская",
      "9. Филевский парк",
      "10. Пионерская",
      "11. Кунцевская"
    ],
    "5": [
      "1. Киевская",
      "2. Парк Культуры",
      "3. Октябрьская",
      "4. Добрынинская",
      "5. Павелецкая",
      "6. Таганская",
      "7. Курская",
      "8. Комсомольская",
      "9. Проспект Мира",
      "10. Новослободская"
    ],
    "6": [
      "1. Новоясеневская",
      "2. Ясенево",
      "3. Теплый стан",
      "4. Коньково",
      "5. Беляево",
      "6. Калужская",
      "7. Новые Черёмушки",
      "8. Профсоюзная",
      "9. Академическая",
      "10. Ленинский проспект",
      "11. Шаболовская",
      "12. Октябрьская",
      "13. Третьяковская",
      "14. Китай-город",
      "15. Тургеневская",
      "16. Сухаревская",
      "17. Проспект Мира",
      "18. Рижская",
      "19. Алексеевская",
      "20. ВДНХ",
      "21. Ботанический сад",
      "22. Свиблово"
    ],
    "7": [
      "1. Котельники",
      "2. Жулебино",
      "3. Лермонтовский проспект",
      "4. Выхино",
      "5. Рязанский проспект",
      "6. Кузьминки",
      "7. Текстильщики",
      "8. Волгоградский проспект",
      "9. Пролетарская",
      "10. Таганская",
      "11. Китай-город",
      "12. Кузнецкий мост",
      "13. Пушкинская",
      "14. Баррикадная",
      "15. Улица 1905 года",
      "16. Беговая",
      "17. Полежаевская",
      "18. Октябрьское Поле",
      "19. Щукинская",
      "20. Спартак",
      "21. Тушинская"
    ],
    "8": [
      "1. Новокосино",
      "2. Новогиреево",
      "3. Перово",
      "4. Шоссе Энтузиастов",
      "5. Авиамоторная",
      "6. Площадь Ильича",
      "7. Марксистская",
      "8. Третьяковская",
      "9. Деловой центр",
      "10. Парк Победы",
      "11. Минская",
      "12. Ломоносовский проспект",
      "13. Раменки",
      "14. Мичуринский проспект",
      "15. Озёрная",
      "16. Говорово",
      "17. Солнцево",
      "18. Боровское шоссе"
    ],
    "9": [
      "1. Бульвар Дмитрия Донского",
      "2. Аннино",
      "3. Улица академика Янгеля",
      "4. Пражская",
      "5. Южная",
      "6. Чертановская",
      "7. Севастопольская",
      "8. Нахимовский Проспект",
      "9. Нагорная",
      "10. Нагатинская",
      "11. Тульская",
      "12. Серпуховская",
      "13. Полянка",
      "14. Боровицкая",
      "15. Чеховская",
      "16. Цветной бульвар",
      "17. Менделеевская",
      "18. Савеловская",
      "19. Дмитровская",
      "20. Тимирязевская",
      "21. Петровско-Разумовская",
      "22. Владыкино",
      "23. Отрадное"
    ],
    "10": [
      "1. Зябликово",
      "2. Шипиловская",
      "3. Борисово",
      "4. Марьино",
      "5. Братиславская",
      "6. Люблино",
      "7. Волжская",
      "8. Печатники",
      "9. Кожуховская",
      "10. Дубровка",
      "11. Крестьянская застава",
      "12. Римская",
      "13. Чкаловская",
      "14. Сретенский бульвар",
      "15. Трубная",
      "16. Достоевская",
      "17. Марьина роща",
      "18. Бутырская",
      "19. Фонвизинская",
      "20. Петровско-Разумовская",
      "21. Окружная"
    ]
  },
  "connections": [
    [
      {
        "line": "1",
        "name": "Бульвар Рокоссовского"
      },
      {
        "line": "14",
        "name": "Бульвар Рокоссовского"
      }
    ],
    [
      {
        "line": "1",
        "name": "Черкизовская"
      },
      {
        "line": "14",
        "name": "Локомотив"
      }
    ],
    [
      {
        "line": "1",
        "name": "Комсомольская"
      },
      {
        "line": "5",
        "name": "Комсомольская"
      },
      {
        "line": "D2",
        "name": "Каланчёвская"
      }
    ],
    [
      {
        "line": "1",
        "name": "Комсомольская"
      },
      {
        "line": "5",
        "name": "Комсомольская"
      },
      {
        "line": "D2",
        "name": "Каланчёвская"
      }
    ],
    [
      {
        "line": "1",
        "name": "Чистые пруды"
      },
      {
        "line": "10",
        "name": "Сретенский бульвар"
      },
      {
        "line": "6",
        "name": "Тургеневская"
      }
    ],
    [
      {
        "line": "1",
        "name": "Чистые пруды"
      },
      {
        "line": "10",
        "name": "Сретенский бульвар"
      },
      {
        "line": "6",
        "name": "Тургеневская"
      }
    ],
    [
      {
        "line": "1",
        "name": "Лубянка"
      },
      {
        "line": "7",
        "name": "Кузнецкий мост"
      }
    ],
    [
      {
        "line": "1",
        "name": "Охотный ряд"
      },
      {
        "line": "2",
        "name": "Театральная"
      },
      {
        "line": "3",
        "name": "Площадь Революции"
      }
    ],
    [
      {
        "line": "1",
        "name": "Охотный ряд"
      },
      {
        "line": "2",
        "name": "Театральная"
      },
      {
        "line": "3",
        "name": "Площадь Революции"
      }
    ],
    [
      {
        "line": "1",
        "name": "Библиотека имени Ленина"
      },
      {
        "line": "3",
        "name": "Арбатская"
      },
      {
        "line": "4",
        "name": "Александровский сад"
      },
      {
        "line": "9",
        "name": "Боровицкая"
      }
    ],
    [
      {
        "line": "1",
        "name": "Библиотека имени Ленина"
      },
      {
        "line": "3",
        "name": "Арбатская"
      },
      {
        "line": "4",
        "name": "Александровский сад"
      },
      {
        "line": "9",
        "name": "Боровицкая"
      }
    ],
    [
      {
        "line": "1",
        "name": "Библиотека имени Ленина"
      },
      {
        "line": "3",
        "name": "Арбатская"
      },
      {
        "line": "4",
        "name": "Александровский сад"
      },
      {
        "line": "9",
        "name": "Боровицкая"
      }
    ],
    [
      {
        "line": "1",
        "name": "Парк Культуры"
      },
      {
        "line": "5",
        "name": "Парк Культуры"
      }
    ],
    [
      {
        "line": "1",
        "name": "Спортивная"
      },
      {
        "line": "14",
        "name": "Лужники"
      }
    ],
    [
      {
        "line": "14",
        "name": "Балтийская"
      },
      {
        "line": "2",
        "name": "Войковская"
      },
      {
        "line": "D2",
        "name": "Стрешнево"
      }
    ],
    [
      {
        "line": "14",
        "name": "Балтийская"
      },
      {
        "line": "2",
        "name": "Войковская"
      },
      {
        "line": "D2",
        "name": "Стрешнево"
      }
    ],
    [
      {
        "line": "11",
        "name": "Петровский парк"
      },
      {
        "line": "2",
        "name": "Динамо"
      }
    ],
    [
      {
        "line": "2",
        "name": "Белорусская"
      },
      {
        "line": "5",
        "name": "Белорусская"
      },
      {
        "line": "D1",
        "name": "Белорусская"
      }
    ],
    [
      {
        "line": "2",
        "name": "Белорусская"
      },
      {
        "line": "5",
        "name": "Белорусская"
      },
      {
        "line": "D1",
        "name": "Белорусская"
      }
    ],
    [
      {
        "line": "2",
        "name": "Тверская"
      },
      {
        "line": "7",
        "name": "Пушкинская"
      },
      {
        "line": "9",
        "name": "Чеховская"
      }
    ],
    [
      {
        "line": "2",
        "name": "Тверская"
      },
      {
        "line": "7",
        "name": "Пушкинская"
      },
      {
        "line": "9",
        "name": "Чеховская"
      }
    ],
    [
      {
        "line": "1",
        "name": "Охотный ряд"
      },
      {
        "line": "2",
        "name": "Театральная"
      },
      {
        "line": "3",
        "name": "Площадь Революции"
      }
    ],
    [
      {
        "line": "1",
        "name": "Охотный ряд"
      },
      {
        "line": "2",
        "name": "Театральная"
      },
      {
        "line": "3",
        "name": "Площадь Революции"
      }
    ],
    [
      {
        "line": "2",
        "name": "Новокузнецкая"
      },
      {
        "line": "6",
        "name": "Третьяковская"
      },
      {
        "line": "8",
        "name": "Третьяковская"
      }
    ],
    [
      {
        "line": "2",
        "name": "Новокузнецкая"
      },
      {
        "line": "6",
        "name": "Третьяковская"
      },
      {
        "line": "8",
        "name": "Третьяковская"
      }
    ],
    [
      {
        "line": "2",
        "name": "Павелецкая"
      },
      {
        "line": "5",
        "name": "Павелецкая"
      }
    ],
    [
      {
        "line": "14",
        "name": "Автозаводская"
      },
      {
        "line": "2",
        "name": "Автозаводская"
      }
    ],
    [
      {
        "line": "1A",
        "name": "Каширская"
      },
      {
        "line": "2",
        "name": "Каширская"
      }
    ],
    [
      {
        "line": "2",
        "name": "Царицыно"
      },
      {
        "line": "D2",
        "name": "Царицыно"
      }
    ],
    [
      {
        "line": "10",
        "name": "Зябликово"
      },
      {
        "line": "2",
        "name": "Красногвардейская"
      }
    ],
    [
      {
        "line": "3",
        "name": "Волоколамская"
      },
      {
        "line": "D2",
        "name": "Волоколамская"
      }
    ],
    [
      {
        "line": "3",
        "name": "Кунцевская"
      },
      {
        "line": "4",
        "name": "Кунцевская"
      },
      {
        "line": "D1",
        "name": "Кунцево"
      }
    ],
    [
      {
        "line": "3",
        "name": "Кунцевская"
      },
      {
        "line": "4",
        "name": "Кунцевская"
      },
      {
        "line": "D1",
        "name": "Кунцево"
      }
    ],
    [
      {
        "line": "3",
        "name": "Парк Победы"
      },
      {
        "line": "8",
        "name": "Парк Победы"
      }
    ],
    [
      {
        "line": "3",
        "name": "Киевская"
      },
      {
        "line": "4",
        "name": "Киевская"
      },
      {
        "line": "5",
        "name": "Киевская"
      }
    ],
    [
      {
        "line": "3",
        "name": "Киевская"
      },
      {
        "line": "4",
        "name": "Киевская"
      },
      {
        "line": "5",
        "name": "Киевская"
      }
    ],
    [
      {
        "line": "1",
        "name": "Библиотека имени Ленина"
      },
      {
        "line": "3",
        "name": "Арбатская"
      },
      {
        "line": "4",
        "name": "Александровский сад"
      },
      {
        "line": "9",
        "name": "Боровицкая"
      }
    ],
    [
      {
        "line": "1",
        "name": "Библиотека имени Ленина"
      },
      {
        "line": "3",
        "name": "Арбатская"
      },
      {
        "line": "4",
        "name": "Александровский сад"
      },
      {
        "line": "9",
        "name": "Боровицкая"
      }
    ],
    [
      {
        "line": "1",
        "name": "Библиотека имени Ленина"
      },
      {
        "line": "3",
        "name": "Арбатская"
      },
      {
        "line": "4",
        "name": "Александровский сад"
      },
      {
        "line": "9",
        "name": "Боровицкая"
      }
    ],
    [
      {
        "line": "1",
        "name": "Охотный ряд"
      },
      {
        "line": "2",
        "name": "Театральная"
      },
      {
        "line": "3",
        "name": "Площадь Революции"
      }
    ],
    [
      {
        "line": "1",
        "name": "Охотный ряд"
      },
      {
        "line": "2",
        "name": "Театральная"
      },
      {
        "line": "3",
        "name": "Площадь Революции"
      }
    ],
    [
      {
        "line": "10",
        "name": "Чкаловская"
      },
      {
        "line": "3",
        "name": "Курская"
      },
      {
        "line": "5",
        "name": "Курская"
      },
      {
        "line": "D2",
        "name": "Курская"
      }
    ],
    [
      {
        "line": "10",
        "name": "Чкаловская"
      },
      {
        "line": "3",
        "name": "Курская"
      },
      {
        "line": "5",
        "name": "Курская"
      },
      {
        "line": "D2",
        "name": "Курская"
      }
    ],
    [
      {
        "line": "10",
        "name": "Чкаловская"
      },
      {
        "line": "3",
        "name": "Курская"
      },
      {
        "line": "5",
        "name": "Курская"
      },
      {
        "line": "D2",
        "name": "Курская"
      }
    ],
    [
      {
        "line": "14",
        "name": "Измайлово"
      },
      {
        "line": "3",
        "name": "Партизанская"
      }
    ],
    [
      {
        "line": "1",
        "name": "Библиотека имени Ленина"
      },
      {
        "line": "3",
        "name": "Арбатская"
      },
      {
        "line": "4",
        "name": "Александровский сад"
      },
      {
        "line": "9",
        "name": "Боровицкая"
      }
    ],
    [
      {
        "line": "1",
        "name": "Библиотека имени Ленина"
      },
      {
        "line": "3",
        "name": "Арбатская"
      },
      {
        "line": "4",
        "name": "Александровский сад"
      },
      {
        "line": "9",
        "name": "Боровицкая"
      }
    ],
    [
      {
        "line": "1",
        "name": "Библиотека имени Ленина"
      },
      {
        "line": "3",
        "name": "Арбатская"
      },
      {
        "line": "4",
        "name": "Александровский сад"
      },
      {
        "line": "9",
        "name": "Боровицкая"
      }
    ],
    [
      {
        "line": "3",
        "name": "Киевская"
      },
      {
        "line": "4",
        "name": "Киевская"
      },
      {
        "line": "5",
        "name": "Киевская"
      }
    ],
    [
      {
        "line": "3",
        "name": "Киевская"
      },
      {
        "line": "4",
        "name": "Киевская"
      },
      {
        "line": "5",
        "name": "Киевская"
      }
    ],
    [
      {
        "line": "14",
        "name": "Кутузовская"
      },
      {
        "line": "4",
        "name": "Кутузовская"
      }
    ],
    [
      {
        "line": "4",
        "name": "Фили"
      },
      {
        "line": "D1",
        "name": "Фили"
      }
    ],
    [
      {
        "line": "3",
        "name": "Кунцевская"
      },
      {
        "line": "4",
        "name": "Кунцевская"
      },
      {
        "line": "D1",
        "name": "Кунцево"
      }
    ],
    [
      {
        "line": "3",
        "name": "Кунцевская"
      },
      {
        "line": "4",
        "name": "Кунцевская"
      },
      {
        "line": "D1",
        "name": "Кунцево"
      }
    ],
    [
      {
        "line": "11",
        "name": "Деловой центр"
      },
      {
        "line": "4",
        "name": "Выставочная"
      },
      {
        "line": "D1",
        "name": "Тестовская"
      }
    ],
    [
      {
        "line": "11",
        "name": "Деловой центр"
      },
      {
        "line": "4",
        "name": "Выставочная"
      },
      {
        "line": "D1",
        "name": "Тестовская"
      }
    ],
    [
      {
        "line": "14",
        "name": "Деловой центр"
      },
      {
        "line": "4",
        "name": "Международная"
      },
      {
        "line": "D1",
        "name": "Тестовская"
      }
    ],
    [
      {
        "line": "14",
        "name": "Деловой центр"
      },
      {
        "line": "4",
        "name": "Международная"
      },
      {
        "line": "D1",
        "name": "Тестовская"
      }
    ],
    [
      {
        "line": "3",
        "name": "Киевская"
      },
      {
        "line": "4",
        "name": "Киевская"
      },
      {
        "line": "5",
        "name": "Киевская"
      }
    ],
    [
      {
        "line": "3",
        "name": "Киевская"
      },
      {
        "line": "4",
        "name": "Киевская"
      },
      {
        "line": "5",
        "name": "Киевская"
      }
    ],
    [
      {
        "line": "1",
        "name": "Парк Культуры"
      },
      {
        "line": "5",
        "name": "Парк Культуры"
      }
    ],
    [
      {
        "line": "5",
        "name": "Октябрьская"
      },
      {
        "line": "6",
        "name": "Октябрьская"
      }
    ],
    [
      {
        "line": "5",
        "name": "Добрынинская"
      },
      {
        "line": "9",
        "name": "Серпуховская"
      }
    ],
    [
      {
        "line": "2",
        "name": "Павелецкая"
      },
      {
        "line": "5",
        "name": "Павелецкая"
      }
    ],
    [
      {
        "line": "5",
        "name": "Таганская"
      },
      {
        "line": "7",
        "name": "Таганская"
      },
      {
        "line": "8",
        "name": "Марксистская"
      }
    ],
    [
      {
        "line": "5",
        "name": "Таганская"
      },
      {
        "line": "7",
        "name": "Таганская"
      },
      {
        "line": "8",
        "name": "Марксистская"
      }
    ],
    [
      {
        "line": "10",
        "name": "Чкаловская"
      },
      {
        "line": "3",
        "name": "Курская"
      },
      {
        "line": "5",
        "name": "Курская"
      },
      {
        "line": "D2",
        "name": "Курская"
      }
    ],
    [
      {
        "line": "10",
        "name": "Чкаловская"
      },
      {
        "line": "3",
        "name": "Курская"
      },
      {
        "line": "5",
        "name": "Курская"
      },
      {
        "line": "D2",
        "name": "Курская"
      }
    ],
    [
      {
        "line": "10",
        "name": "Чкаловская"
      },
      {
        "line": "3",
        "name": "Курская"
      },
      {
        "line": "5",
        "name": "Курская"
      },
      {
        "line": "D2",
        "name": "Курская"
      }
    ],
    [
      {
        "line": "1",
        "name": "Комсомольская"
      },
      {
        "line": "5",
        "name": "Комсомольская"
      },
      {
        "line": "D2",
        "name": "Каланчёвская"
      }
    ],
    [
      {
        "line": "1",
        "name": "Комсомольская"
      },
      {
        "line": "5",
        "name": "Комсомольская"
      },
      {
        "line": "D2",
        "name": "Каланчёвская"
      }
    ],
    [
      {
        "line": "5",
        "name": "Проспект Мира"
      },
      {
        "line": "6",
        "name": "Проспект Мира"
      }
    ],
    [
      {
        "line": "5",
        "name": "Новослободская"
      },
      {
        "line": "9",
        "name": "Менделеевская"
      }
    ],
    [
      {
        "line": "2",
        "name": "Белорусская"
      },
      {
        "line": "5",
        "name": "Белорусская"
      },
      {
        "line": "D1",
        "name": "Белорусская"
      }
    ],
    [
      {
        "line": "2",
        "name": "Белорусская"
      },
      {
        "line": "5",
        "name": "Белорусская"
      },
      {
        "line": "D1",
        "name": "Белорусская"
      }
    ],
    [
      {
        "line": "5",
        "name": "Краснопресненская"
      },
      {
        "line": "7",
        "name": "Баррикадная"
      }
    ],
    [
      {
        "line": "12",
        "name": "Битцевский парк"
      },
      {
        "line": "6",
        "name": "Новоясеневская"
      }
    ],
    [
      {
        "line": "14",
        "name": "Площадь Гагарина"
      },
      {
        "line": "6",
        "name": "Ленинский проспект"
      }
    ],
    [
      {
        "line": "5",
        "name": "Октябрьская"
      },
      {
        "line": "6",
        "name": "Октябрьская"
      }
    ],
    [
      {
        "line": "2",
        "name": "Новокузнецкая"
      },
      {
        "line": "6",
        "name": "Третьяковская"
      },
      {
        "line": "8",
        "name": "Третьяковская"
      }
    ],
    [
      {
        "line": "2",
        "name": "Новокузнецкая"
      },
      {
        "line": "6",
        "name": "Третьяковская"
      },
      {
        "line": "8",
        "name": "Третьяковская"
      }
    ],
    [
      {
        "line": "6",
        "name": "Китай-город"
      }
    ],
    [
      {
        "line": "1",
        "name": "Чистые пруды"
      },
      {
        "line": "10",
        "name": "Сретенский бульвар"
      },
      {
        "line": "6",
        "name": "Тургеневская"
      }
    ],
    [
      {
        "line": "1",
        "name": "Чистые пруды"
      },
      {
        "line": "10",
        "name": "Сретенский бульвар"
      },
      {
        "line": "6",
        "name": "Тургеневская"
      }
    ],
    [
      {
        "line": "5",
        "name": "Проспект Мира"
      },
      {
        "line": "6",
        "name": "Проспект Мира"
      }
    ],
    [
      {
        "line": "6",
        "name": "Рижская"
      },
      {
        "line": "D2",
        "name": "Рижская"
      }
    ],
    [
      {
        "line": "14",
        "name": "Ботанический Сад"
      },
      {
        "line": "6",
        "name": "Ботанический сад"
      }
    ],
    [
      {
        "line": "15",
        "name": "Косино"
      },
      {
        "line": "7",
        "name": "Лермонтовский проспект"
      }
    ],
    [
      {
        "line": "7",
        "name": "Текстильщики"
      },
      {
        "line": "D2",
        "name": "Текстильщики"
      }
    ],
    [
      {
        "line": "14",
        "name": "Угрешская"
      },
      {
        "line": "7",
        "name": "Волгоградский проспект"
      }
    ],
    [
      {
        "line": "10",
        "name": "Крестьянская застава"
      },
      {
        "line": "7",
        "name": "Пролетарская"
      }
    ],
    [
      {
        "line": "5",
        "name": "Таганская"
      },
      {
        "line": "7",
        "name": "Таганская"
      },
      {
        "line": "8",
        "name": "Марксистская"
      }
    ],
    [
      {
        "line": "5",
        "name": "Таганская"
      },
      {
        "line": "7",
        "name": "Таганская"
      },
      {
        "line": "8",
        "name": "Марксистская"
      }
    ],
    [
      {
        "line": "7",
        "name": "Китай-город"
      }
    ],
    [
      {
        "line": "1",
        "name": "Лубянка"
      },
      {
        "line": "7",
        "name": "Кузнецкий мост"
      }
    ],
    [
      {
        "line": "2",
        "name": "Тверская"
      },
      {
        "line": "7",
        "name": "Пушкинская"
      },
      {
        "line": "9",
        "name": "Чеховская"
      }
    ],
    [
      {
        "line": "2",
        "name": "Тверская"
      },
      {
        "line": "7",
        "name": "Пушкинская"
      },
      {
        "line": "9",
        "name": "Чеховская"
      }
    ],
    [
      {
        "line": "5",
        "name": "Краснопресненская"
      },
      {
        "line": "7",
        "name": "Баррикадная"
      }
    ],
    [
      {
        "line": "7",
        "name": "Беговая"
      },
      {
        "line": "D1",
        "name": "Беговая"
      }
    ],
    [
      {
        "line": "11",
        "name": "Хорошёвская"
      },
      {
        "line": "14",
        "name": "Хорошёво"
      },
      {
        "line": "7",
        "name": "Полежаевская"
      }
    ],
    [
      {
        "line": "11",
        "name": "Хорошёвская"
      },
      {
        "line": "14",
        "name": "Хорошёво"
      },
      {
        "line": "7",
        "name": "Полежаевская"
      }
    ],
    [
      {
        "line": "14",
        "name": "Зорге"
      },
      {
        "line": "14",
        "name": "Панфиловская"
      },
      {
        "line": "7",
        "name": "Октябрьское Поле"
      }
    ],
    [
      {
        "line": "14",
        "name": "Зорге"
      },
      {
        "line": "14",
        "name": "Панфиловская"
      },
      {
        "line": "7",
        "name": "Октябрьское Поле"
      }
    ],
    [
      {
        "line": "7",
        "name": "Тушинская"
      },
      {
        "line": "D2",
        "name": "Тушино"
      }
    ],
    [
      {
        "line": "14",
        "name": "Шоссе Энтузиастов"
      },
      {
        "line": "8",
        "name": "Шоссе Энтузиастов"
      }
    ],
    [
      {
        "line": "15",
        "name": "Авиамоторная"
      },
      {
        "line": "8",
        "name": "Авиамоторная"
      }
    ],
    [
      {
        "line": "10",
        "name": "Римская"
      },
      {
        "line": "8",
        "name": "Площадь Ильича"
      },
      {
        "line": "D2",
        "name": "Москва Товарная"
      }
    ],
    [
      {
        "line": "10",
        "name": "Римская"
      },
      {
        "line": "8",
        "name": "Площадь Ильича"
      },
      {
        "line": "D2",
        "name": "Москва Товарная"
      }
    ],
    [
      {
        "line": "5",
        "name": "Таганская"
      },
      {
        "line": "7",
        "name": "Таганская"
      },
      {
        "line": "8",
        "name": "Марксистская"
      }
    ],
    [
      {
        "line": "5",
        "name": "Таганская"
      },
      {
        "line": "7",
        "name": "Таганская"
      },
      {
        "line": "8",
        "name": "Марксистская"
      }
    ],
    [
      {
        "line": "2",
        "name": "Новокузнецкая"
      },
      {
        "line": "6",
        "name": "Третьяковская"
      },
      {
        "line": "8",
        "name": "Третьяковская"
      }
    ],
    [
      {
        "line": "2",
        "name": "Новокузнецкая"
      },
      {
        "line": "6",
        "name": "Третьяковская"
      },
      {
        "line": "8",
        "name": "Третьяковская"
      }
    ],
    [
      {
        "line": "3",
        "name": "Парк Победы"
      },
      {
        "line": "8",
        "name": "Парк Победы"
      }
    ],
    [
      {
        "line": "12",
        "name": "Улица Старокачаловская"
      },
      {
        "line": "9",
        "name": "Бульвар Дмитрия Донского"
      }
    ],
    [
      {
        "line": "5",
        "name": "Добрынинская"
      },
      {
        "line": "9",
        "name": "Серпуховская"
      }
    ],
    [
      {
        "line": "1",
        "name": "Библиотека имени Ленина"
      },
      {
        "line": "3",
        "name": "Арбатская"
      },
      {
        "line": "4",
        "name": "Александровский сад"
      },
      {
        "line": "9",
        "name": "Боровицкая"
      }
    ],
    [
      {
        "line": "1",
        "name": "Библиотека имени Ленина"
      },
      {
        "line": "3",
        "name": "Арбатская"
      },
      {
        "line": "4",
        "name": "Александровский сад"
      },
      {
        "line": "9",
        "name": "Боровицкая"
      }
    ],
    [
      {
        "line": "1",
        "name": "Библиотека имени Ленина"
      },
      {
        "line": "3",
        "name": "Арбатская"
      },
      {
        "line": "4",
        "name": "Александровский сад"
      },
      {
        "line": "9",
        "name": "Боровицкая"
      }
    ],
    [
      {
        "line": "2",
        "name": "Тверская"
      },
      {
        "line": "7",
        "name": "Пушкинская"
      },
      {
        "line": "9",
        "name": "Чеховская"
      }
    ],
    [
      {
        "line": "2",
        "name": "Тверская"
      },
      {
        "line": "7",
        "name": "Пушкинская"
      },
      {
        "line": "9",
        "name": "Чеховская"
      }
    ],
    [
      {
        "line": "10",
        "name": "Трубная"
      },
      {
        "line": "9",
        "name": "Цветной бульвар"
      }
    ],
    [
      {
        "line": "5",
        "name": "Новослободская"
      },
      {
        "line": "9",
        "name": "Менделеевская"
      }
    ],
    [
      {
        "line": "11",
        "name": "Савёловская"
      },
      {
        "line": "9",
        "name": "Савеловская"
      },
      {
        "line": "D1",
        "name": "Савёловская"
      }
    ],
    [
      {
        "line": "11",
        "name": "Савёловская"
      },
      {
        "line": "9",
        "name": "Савеловская"
      },
      {
        "line": "D1",
        "name": "Савёловская"
      }
    ],
    [
      {
        "line": "9",
        "name": "Дмитровская"
      },
      {
        "line": "D2",
        "name": "Дмитровская"
      }
    ],
    [
      {
        "line": "9",
        "name": "Тимирязевская"
      },
      {
        "line": "D1",
        "name": "Тимирязевская"
      }
    ],
    [
      {
        "line": "9",
        "name": "Петровско-Разумовская"
      }
    ],
    [
      {
        "line": "14",
        "name": "Владыкино"
      },
      {
        "line": "9",
        "name": "Владыкино"
      }
    ],
    [
      {
        "line": "10",
        "name": "Зябликово"
      },
      {
        "line": "2",
        "name": "Красногвардейская"
      }
    ],
    [
      {
        "line": "10",
        "name": "Печатники"
      },
      {
        "line": "D2",
        "name": "Кубанская"
      }
    ],
    [
      {
        "line": "10",
        "name": "Дубровка"
      },
      {
        "line": "14",
        "name": "Дубровка"
      }
    ],
    [
      {
        "line": "10",
        "name": "Крестьянская застава"
      },
      {
        "line": "7",
        "name": "Пролетарская"
      }
    ],
    [
      {
        "line": "10",
        "name": "Римская"
      },
      {
        "line": "8",
        "name": "Площадь Ильича"
      },
      {
        "line": "D2",
        "name": "Москва Товарная"
      }
    ],
    [
      {
        "line": "10",
        "name": "Римская"
      },
      {
        "line": "8",
        "name": "Площадь Ильича"
      },
      {
        "line": "D2",
        "name": "Москва Товарная"
      }
    ],
    [
      {
        "line": "10",
        "name": "Чкаловская"
      },
      {
        "line": "3",
        "name": "Курская"
      },
      {
        "line": "5",
        "name": "Курская"
      },
      {
        "line": "D2",
        "name": "Курская"
      }
    ],
    [
      {
        "line": "10",
        "name": "Чкаловская"
      },
      {
        "line": "3",
        "name": "Курская"
      },
      {
        "line": "5",
        "name": "Курская"
      },
      {
        "line": "D2",
        "name": "Курская"
      }
    ],
    [
      {
        "line": "10",
        "name": "Чкаловская"
      },
      {
        "line": "3",
        "name": "Курская"
      },
      {
        "line": "5",
        "name": "Курская"
      },
      {
        "line": "D2",
        "name": "Курская"
      }
    ],
    [
      {
        "line": "1",
        "name": "Чистые пруды"
      },
      {
        "line": "10",
        "name": "Сретенский бульвар"
      },
      {
        "line": "6",
        "name": "Тургеневская"
      }
    ],
    [
      {
        "line": "1",
        "name": "Чистые пруды"
      },
      {
        "line": "10",
        "name": "Сретенский бульвар"
      },
      {
        "line": "6",
        "name": "Тургеневская"
      }
    ],
    [
      {
        "line": "10",
        "name": "Трубная"
      },
      {
        "line": "9",
        "name": "Цветной бульвар"
      }
    ],
    [
      {
        "line": "10",
        "name": "Петровско-Разумовская"
      }
    ],
    [
      {
        "line": "10",
        "name": "Окружная"
      },
      {
        "line": "14",
        "name": "Окружная"
      },
      {
        "line": "D1",
        "name": "Окружная"
      }
    ],
    [
      {
        "line": "10",
        "name": "Окружная"
      },
      {
        "line": "14",
        "name": "Окружная"
      },
      {
        "line": "D1",
        "name": "Окружная"
      }
    ],
    [
      {
        "line": "11",
        "name": "Савёловская"
      },
      {
        "line": "9",
        "name": "Савеловская"
      },
      {
        "line": "D1",
        "name": "Савёловская"
      }
    ],
    [
      {
        "line": "11",
        "name": "Савёловская"
      },
      {
        "line": "9",
        "name": "Савеловская"
      },
      {
        "line": "D1",
        "name": "Савёловская"
      }
    ],
    [
      {
        "line": "11",
        "name": "Петровский парк"
      },
      {
        "line": "2",
        "name": "Динамо"
      }
    ],
    [
      {
        "line": "11",
        "name": "Хорошёвская"
      },
      {
        "line": "14",
        "name": "Хорошёво"
      },
      {
        "line": "7",
        "name": "Полежаевская"
      }
    ],
    [
      {
        "line": "11",
        "name": "Хорошёвская"
      },
      {
        "line": "14",
        "name": "Хорошёво"
      },
      {
        "line": "7",
        "name": "Полежаевская"
      }
    ],
    [
      {
        "line": "11",
        "name": "Шелепиха"
      },
      {
        "line": "14",
        "name": "Шелепиха"
      },
      {
        "line": "D1",
        "name": "Тестовская"
      }
    ],
    [
      {
        "line": "11",
        "name": "Шелепиха"
      },
      {
        "line": "14",
        "name": "Шелепиха"
      },
      {
        "line": "D1",
        "name": "Тестовская"
      }
    ],
    [
      {
        "line": "11",
        "name": "Деловой центр"
      },
      {
        "line": "4",
        "name": "Выставочная"
      },
      {
        "line": "D1",
        "name": "Тестовская"
      }
    ],
    [
      {
        "line": "11",
        "name": "Деловой центр"
      },
      {
        "line": "4",
        "name": "Выставочная"
      },
      {
        "line": "D1",
        "name": "Тестовская"
      }
    ],
    [
      {
        "line": "11A",
        "name": "Каширская"
      },
      {
        "line": "2",
        "name": "Каширская"
      }
    ],
    [
      {
        "line": "12",
        "name": "Битцевский парк"
      },
      {
        "line": "6",
        "name": "Новоясеневская"
      }
    ],
    [
      {
        "line": "12",
        "name": "Улица Старокачаловская"
      },
      {
        "line": "9",
        "name": "Бульвар Дмитрия Донского"
      }
    ],
    [
      {
        "line": "10",
        "name": "Окружная"
      },
      {
        "line": "14",
        "name": "Окружная"
      },
      {
        "line": "D1",
        "name": "Окружная"
      }
    ],
    [
      {
        "line": "10",
        "name": "Окружная"
      },
      {
        "line": "14",
        "name": "Окружная"
      },
      {
        "line": "D1",
        "name": "Окружная"
      }
    ],
    [
      {
        "line": "14",
        "name": "Владыкино"
      },
      {
        "line": "9",
        "name": "Владыкино"
      }
    ],
    [
      {
        "line": "14",
        "name": "Ботанический Сад"
      },
      {
        "line": "6",
        "name": "Ботанический сад"
      }
    ],
    [
      {
        "line": "1",
        "name": "Бульвар Рокоссовского"
      },
      {
        "line": "14",
        "name": "Бульвар Рокоссовского"
      }
    ],
    [
      {
        "line": "1",
        "name": "Черкизовская"
      },
      {
        "line": "14",
        "name": "Локомотив"
      }
    ],
    [
      {
        "line": "14",
        "name": "Измайлово"
      },
      {
        "line": "3",
        "name": "Партизанская"
      }
    ],
    [
      {
        "line": "14",
        "name": "Шоссе Энтузиастов"
      },
      {
        "line": "8",
        "name": "Шоссе Энтузиастов"
      }
    ],
    [
      {
        "line": "14",
        "name": "Нижегородская"
      },
      {
        "line": "15",
        "name": "Нижегородская"
      }
    ],
    [
      {
        "line": "14",
        "name": "Новохохловская"
      },
      {
        "line": "D2",
        "name": "Новохохловская"
      }
    ],
    [
      {
        "line": "14",
        "name": "Угрешская"
      },
      {
        "line": "7",
        "name": "Волгоградский проспект"
      }
    ],
    [
      {
        "line": "10",
        "name": "Дубровка"
      },
      {
        "line": "10",
        "name": "Кожуховская"
      },
      {
        "line": "14",
        "name": "Дубровка"
      }
    ],
    [
      {
        "line": "10",
        "name": "Дубровка"
      },
      {
        "line": "10",
        "name": "Кожуховская"
      },
      {
        "line": "14",
        "name": "Дубровка"
      }
    ],
    [
      {
        "line": "14",
        "name": "Автозаводская"
      },
      {
        "line": "2",
        "name": "Автозаводская"
      }
    ],
    [
      {
        "line": "14",
        "name": "Площадь Гагарина"
      },
      {
        "line": "6",
        "name": "Ленинский проспект"
      }
    ],
    [
      {
        "line": "1",
        "name": "Спортивная"
      },
      {
        "line": "14",
        "name": "Лужники"
      }
    ],
    [
      {
        "line": "14",
        "name": "Кутузовская"
      },
      {
        "line": "4",
        "name": "Кутузовская"
      }
    ],
    [
      {
        "line": "14",
        "name": "Деловой центр"
      },
      {
        "line": "4",
        "name": "Международная"
      },
      {
        "line": "D1",
        "name": "Тестовская"
      }
    ],
    [
      {
        "line": "14",
        "name": "Деловой центр"
      },
      {
        "line": "4",
        "name": "Международная"
      },
      {
        "line": "D1",
        "name": "Тестовская"
      }
    ],
    [
      {
        "line": "11",
        "name": "Шелепиха"
      },
      {
        "line": "14",
        "name": "Шелепиха"
      },
      {
        "line": "D1",
        "name": "Тестовская"
      }
    ],
    [
      {
        "line": "11",
        "name": "Шелепиха"
      },
      {
        "line": "14",
        "name": "Шелепиха"
      },
      {
        "line": "D1",
        "name": "Тестовская"
      }
    ],
    [
      {
        "line": "11",
        "name": "Хорошёвская"
      },
      {
        "line": "14",
        "name": "Хорошёво"
      },
      {
        "line": "7",
        "name": "Полежаевская"
      }
    ],
    [
      {
        "line": "11",
        "name": "Хорошёвская"
      },
      {
        "line": "14",
        "name": "Хорошёво"
      },
      {
        "line": "7",
        "name": "Полежаевская"
      }
    ],
    [
      {
        "line": "14",
        "name": "Зорге"
      },
      {
        "line": "7",
        "name": "Октябрьское Поле"
      }
    ],
    [
      {
        "line": "14",
        "name": "Панфиловская"
      },
      {
        "line": "7",
        "name": "Октябрьское Поле"
      }
    ],
    [
      {
        "line": "14",
        "name": "Стрешнево"
      },
      {
        "line": "D2",
        "name": "Стрешнево"
      }
    ],
    [
      {
        "line": "14",
        "name": "Балтийская"
      },
      {
        "line": "2",
        "name": "Войковская"
      }
    ],
    [
      {
        "line": "15",
        "name": "Авиамоторная"
      },
      {
        "line": "8",
        "name": "Авиамоторная"
      }
    ],
    [
      {
        "line": "14",
        "name": "Нижегородская"
      },
      {
        "line": "15",
        "name": "Нижегородская"
      }
    ],
    [
      {
        "line": "15",
        "name": "Косино"
      },
      {
        "line": "7",
        "name": "Лермонтовский проспект"
      }
    ],
    [
      {
        "line": "3",
        "name": "Кунцевская"
      },
      {
        "line": "4",
        "name": "Кунцевская"
      },
      {
        "line": "D1",
        "name": "Кунцево"
      }
    ],
    [
      {
        "line": "3",
        "name": "Кунцевская"
      },
      {
        "line": "4",
        "name": "Кунцевская"
      },
      {
        "line": "D1",
        "name": "Кунцево"
      }
    ],
    [
      {
        "line": "4",
        "name": "Фили"
      },
      {
        "line": "D1",
        "name": "Фили"
      }
    ],
    [
      {
        "line": "11",
        "name": "Деловой центр"
      },
      {
        "line": "11",
        "name": "Шелепиха"
      },
      {
        "line": "14",
        "name": "Деловой центр"
      },
      {
        "line": "14",
        "name": "Шелепиха"
      },
      {
        "line": "4",
        "name": "Выставочная"
      },
      {
        "line": "4",
        "name": "Международная"
      },
      {
        "line": "D1",
        "name": "Тестовская"
      }
    ],
    [
      {
        "line": "11",
        "name": "Деловой центр"
      },
      {
        "line": "11",
        "name": "Шелепиха"
      },
      {
        "line": "14",
        "name": "Деловой центр"
      },
      {
        "line": "14",
        "name": "Шелепиха"
      },
      {
        "line": "4",
        "name": "Выставочная"
      },
      {
        "line": "4",
        "name": "Международная"
      },
      {
        "line": "D1",
        "name": "Тестовская"
      }
    ],
    [
      {
        "line": "11",
        "name": "Деловой центр"
      },
      {
        "line": "11",
        "name": "Шелепиха"
      },
      {
        "line": "14",
        "name": "Деловой центр"
      },
      {
        "line": "14",
        "name": "Шелепиха"
      },
      {
        "line": "4",
        "name": "Выставочная"
      },
      {
        "line": "4",
        "name": "Международная"
      },
      {
        "line": "D1",
        "name": "Тестовская"
      }
    ],
    [
      {
        "line": "11",
        "name": "Деловой центр"
      },
      {
        "line": "11",
        "name": "Шелепиха"
      },
      {
        "line": "14",
        "name": "Деловой центр"
      },
      {
        "line": "14",
        "name": "Шелепиха"
      },
      {
        "line": "4",
        "name": "Выставочная"
      },
      {
        "line": "4",
        "name": "Международная"
      },
      {
        "line": "D1",
        "name": "Тестовская"
      }
    ],
    [
      {
        "line": "11",
        "name": "Деловой центр"
      },
      {
        "line": "11",
        "name": "Шелепиха"
      },
      {
        "line": "14",
        "name": "Деловой центр"
      },
      {
        "line": "14",
        "name": "Шелепиха"
      },
      {
        "line": "4",
        "name": "Выставочная"
      },
      {
        "line": "4",
        "name": "Международная"
      },
      {
        "line": "D1",
        "name": "Тестовская"
      }
    ],
    [
      {
        "line": "11",
        "name": "Деловой центр"
      },
      {
        "line": "11",
        "name": "Шелепиха"
      },
      {
        "line": "14",
        "name": "Деловой центр"
      },
      {
        "line": "14",
        "name": "Шелепиха"
      },
      {
        "line": "4",
        "name": "Выставочная"
      },
      {
        "line": "4",
        "name": "Международная"
      },
      {
        "line": "D1",
        "name": "Тестовская"
      }
    ],
    [
      {
        "line": "7",
        "name": "Беговая"
      },
      {
        "line": "D1",
        "name": "Беговая"
      }
    ],
    [
      {
        "line": "2",
        "name": "Белорусская"
      },
      {
        "line": "5",
        "name": "Белорусская"
      },
      {
        "line": "D1",
        "name": "Белорусская"
      }
    ],
    [
      {
        "line": "2",
        "name": "Белорусская"
      },
      {
        "line": "5",
        "name": "Белорусская"
      },
      {
        "line": "D1",
        "name": "Белорусская"
      }
    ],
    [
      {
        "line": "11",
        "name": "Савёловская"
      },
      {
        "line": "9",
        "name": "Савеловская"
      },
      {
        "line": "D1",
        "name": "Савёловская"
      }
    ],
    [
      {
        "line": "11",
        "name": "Савёловская"
      },
      {
        "line": "9",
        "name": "Савеловская"
      },
      {
        "line": "D1",
        "name": "Савёловская"
      }
    ],
    [
      {
        "line": "9",
        "name": "Тимирязевская"
      },
      {
        "line": "D1",
        "name": "Тимирязевская"
      }
    ],
    [
      {
        "line": "10",
        "name": "Окружная"
      },
      {
        "line": "14",
        "name": "Окружная"
      },
      {
        "line": "D1",
        "name": "Окружная"
      }
    ],
    [
      {
        "line": "10",
        "name": "Окружная"
      },
      {
        "line": "14",
        "name": "Окружная"
      },
      {
        "line": "D1",
        "name": "Окружная"
      }
    ],
    [
      {
        "line": "3",
        "name": "Волоколамская"
      },
      {
        "line": "D2",
        "name": "Волоколамская"
      }
    ],
    [
      {
        "line": "7",
        "name": "Тушинская"
      },
      {
        "line": "D2",
        "name": "Тушино"
      }
    ],
    [
      {
        "line": "14",
        "name": "Стрешнево"
      },
      {
        "line": "2",
        "name": "Войковская"
      },
      {
        "line": "D2",
        "name": "Стрешнево"
      }
    ],
    [
      {
        "line": "14",
        "name": "Стрешнево"
      },
      {
        "line": "2",
        "name": "Войковская"
      },
      {
        "line": "D2",
        "name": "Стрешнево"
      }
    ],
    [
      {
        "line": "9",
        "name": "Дмитровская"
      },
      {
        "line": "D2",
        "name": "Дмитровская"
      }
    ],
    [
      {
        "line": "6",
        "name": "Рижская"
      },
      {
        "line": "D2",
        "name": "Рижская"
      }
    ],
    [
      {
        "line": "1",
        "name": "Комсомольская"
      },
      {
        "line": "5",
        "name": "Комсомольская"
      },
      {
        "line": "D2",
        "name": "Каланчёвская"
      }
    ],
    [
      {
        "line": "1",
        "name": "Комсомольская"
      },
      {
        "line": "5",
        "name": "Комсомольская"
      },
      {
        "line": "D2",
        "name": "Каланчёвская"
      }
    ],
    [
      {
        "line": "10",
        "name": "Чкаловская"
      },
      {
        "line": "3",
        "name": "Курская"
      },
      {
        "line": "5",
        "name": "Курская"
      },
      {
        "line": "D2",
        "name": "Курская"
      }
    ],
    [
      {
        "line": "10",
        "name": "Чкаловская"
      },
      {
        "line": "3",
        "name": "Курская"
      },
      {
        "line": "5",
        "name": "Курская"
      },
      {
        "line": "D2",
        "name": "Курская"
      }
    ],
    [
      {
        "line": "10",
        "name": "Чкаловская"
      },
      {
        "line": "3",
        "name": "Курская"
      },
      {
        "line": "5",
        "name": "Курская"
      },
      {
        "line": "D2",
        "name": "Курская"
      }
    ],
    [
      {
        "line": "10",
        "name": "Римская"
      },
      {
        "line": "8",
        "name": "Площадь Ильича"
      },
      {
        "line": "D2",
        "name": "Москва Товарная"
      }
    ],
    [
      {
        "line": "10",
        "name": "Римская"
      },
      {
        "line": "8",
        "name": "Площадь Ильича"
      },
      {
        "line": "D2",
        "name": "Москва Товарная"
      }
    ],
    [
      {
        "line": "14",
        "name": "Новохохловская"
      },
      {
        "line": "D2",
        "name": "Новохохловская"
      }
    ],
    [
      {
        "line": "7",
        "name": "Текстильщики"
      },
      {
        "line": "D2",
        "name": "Текстильщики"
      }
    ],
    [
      {
        "line": "10",
        "name": "Печатники"
      },
      {
        "line": "D2",
        "name": "Кубанская"
      }
    ],
    [
      {
        "line": "2",
        "name": "Царицыно"
      },
      {
        "line": "D2",
        "name": "Царицыно"
      }
    ]
  ]
}